{
	"images" : [
		{
			"orientation" : "portrait",
			"idiom" : "iphone",
			"filename" : "Default.png",
			"extent" : "full-screen",
			"scale" : "1x"
		},
		{
			"orientation" : "portrait",
			"idiom" : "iphone",
			"filename" : "Default@2x.png",
			"extent" : "full-screen",
			"scale" : "2x"
		},
		{
			"orientation" : "portrait",
			"idiom" : "iphone",
			"filename" : "Default@2x.png",
			"minimum-system-version" : "7.0",
			"extent" : "full-screen",
			"scale" : "2x"
		},
		{
			"orientation" : "portrait",
			"idiom" : "iphone",
			"filename" : "Default-568h@2x.png",
			"subtype" : "retina4",
			"extent" : "full-screen",
			"scale" : "2x"
		},
		{
			"orientation" : "portrait",
			"idiom" : "iphone",
			"filename" : "Default-568h@2x.png",
			"minimum-system-version" : "7.0",
			"subtype" : "retina4",
			"extent" : "full-screen",
			"scale" : "2x"
		},
		{
			"orientation" : "portrait",
			"idiom" : "iphone",
			"filename" : "Default-667h@2x.png",
			"minimum-system-version" : "8.0",
			"subtype" : "667h",
			"extent" : "full-screen",
			"scale" : "2x"
		},
		{
			"orientation" : "portrait",
			"idiom" : "iphone",
			"filename" : "Default-Portrait@3x.png",
			"minimum-system-version" : "8.0",
			"subtype" : "736h",
			"extent" : "full-screen",
			"scale" : "3x"
		},
		{
			"orientation" : "landscape",
			"idiom" : "iphone",
			"filename" : "Default-Landscape@3x.png",
			"minimum-system-version" : "8.0",
			"subtype" : "736h",
			"extent" : "full-screen",
			"scale" : "3x"
		},
		{
			"orientation" : "portrait",
			"idiom" : "ipad",
			"filename" : "Default-Portrait.png",
			"extent" : "full-screen",
			"scale" : "1x"
		},
		{
			"orientation" : "portrait",
			"idiom" : "ipad",
			"filename" : "Default-Portrait.png",
			"minimum-system-version" : "7.0",
			"extent" : "full-screen",
			"scale" : "1x"
		},
		{
			"orientation" : "landscape",
			"idiom" : "ipad",
			"filename" : "Default-Landscape.png",
			"extent" : "full-screen",
			"scale" : "1x"
		},
		{
			"orientation" : "landscape",
			"idiom" : "ipad",
			"filename" : "Default-Landscape.png",
			"minimum-system-version" : "7.0",
			"extent" : "full-screen",
			"scale" : "1x"
		},
		{
			"orientation" : "portrait",
			"idiom" : "ipad",
			"filename" : "Default-Portrait@2x.png",
			"extent" : "full-screen",
			"scale" : "2x"
		},
		{
			"orientation" : "portrait",
			"idiom" : "ipad",
			"filename" : "Default-Portrait@2x.png",
			"minimum-system-version" : "7.0",
			"extent" : "full-screen",
			"scale" : "2x"
		},
		{
			"orientation" : "landscape",
			"idiom" : "ipad",
			"filename" : "Default-Landscape@2x.png",
			"extent" : "full-screen",
			"scale" : "2x"
		},
		{
			"orientation" : "landscape",
			"idiom" : "ipad",
			"filename" : "Default-Landscape@2x.png",
			"minimum-system-version" : "7.0",
			"extent" : "full-screen",
			"scale" : "2x"
		},
		{
		  "orientation" : "portrait",
		  "idiom" : "iphone",
		  "filename" : "Default-PortraitX@3x.png",
		  "extent" : "full-screen",
		  "minimum-system-version" : "11.0",
		  "subtype" : "2436h",
		  "scale" : "3x"
		},
		{
		  "orientation" : "landscape",
		  "idiom" : "iphone",
		   "filename" : "Default-LandscapeX@3x.png",
		  "extent" : "full-screen",
		  "minimum-system-version" : "11.0",
		  "subtype" : "2436h",
		  "scale" : "3x"
		},
	{
      "orientation" : "landscape",
      "idiom" : "iphone",
	  "filename" : "Default-LandscapeXS@3x.png",
      "extent" : "full-screen",
      "minimum-system-version" : "12.0",
      "subtype" : "2688h",
      "scale" : "3x"
    },
    {
      "orientation" : "portrait",
      "idiom" : "iphone",
      "extent" : "full-screen",
	  "filename" : "Default-PortraitXS@3x.png",
      "minimum-system-version" : "12.0",
      "subtype" : "2688h",
      "scale" : "3x"
    },
    {
      "orientation" : "portrait",
      "idiom" : "iphone",
      "extent" : "full-screen",
	  "filename" : "Default-PortraitXR@2x.png",
      "minimum-system-version" : "12.0",
      "subtype" : "1792h",
      "scale" : "2x"
    },
    {
      "orientation" : "landscape",
      "idiom" : "iphone",
      "extent" : "full-screen",
	  "filename" : "Default-LandscapeXR@2x.png",
      "minimum-system-version" : "12.0",
      "subtype" : "1792h",
      "scale" : "2x"
    }
	],
	"info" : {
		"version" : 1,
		"author" : "xcode"
	}
}
